id,sub_category_id,gender_id,name,desc,thumbnail_image_url
1,1,1,나위키 줌X 스트릭플라이,남성 로드 러닝화,https://images.pexels.com/photos/2529148/pexels-photo-2529148.jpeg?auto=compress&cs=tinysrgb&w=1260&h=750&dpr=2
2,1,1,나위키 플렉스 러너2,남성 로드 레이싱화,https://images.pexels.com/photos/3490360/pexels-photo-3490360.jpeg?auto=compress&cs=tinysrgb&w=1260&h=750&dpr=2
3,1,1,나위키 에어 줌 알파플라이 넥스트 %1,남성 로드 러닝화,https://images.pexels.com/photos/786003/pexels-photo-786003.jpeg?auto=compress&cs=tinysrgb&w=1260&h=750&dpr=2
4,1,1,나위키 플렉스 플러스,남성 러닝화,https://images.pexels.com/photos/1124466/pexels-photo-1124466.jpeg?auto=compress&cs=tinysrgb&w=1260&h=750&dpr=2
5,1,1,나위키 리액트 플러스,남성 레이싱화,https://cdn.pixabay.com/photo/2016/11/19/18/06/feet-1840619_960_720.jpg
6,1,1,나위키 윈플로 3,남성 웨더라이즈드 로드 러닝화,https://images.pexels.com/photos/1456706/pexels-photo-1456706.jpeg?auto=compress&cs=tinysrgb&w=1260&h=750&dpr=2
7,1,1,나위키 페가수스,남성 워터프루트 러닝화,https://images.pexels.com/photos/13580587/pexels-photo-13580587.jpeg?auto=compress&cs=tinysrgb&w=1260&h=750&dpr=1
8,1,1,나위키 레볼루션,남성 워터프루프 러닝화,https://images.pexels.com/photos/13457480/pexels-photo-13457480.jpeg?auto=compress&cs=tinysrgb&w=1260&h=750&dpr=1
9,1,1,나위키 보메로,남성 트레일 러닝화,https://images.pexels.com/photos/12628402/pexels-photo-12628402.jpeg?auto=compress&cs=tinysrgb&w=1260&h=750&dpr=1
10,1,2,나위키 플렉스 플러스 2,여성 로드 레이싱화,https://images.pexels.com/photos/1478441/pexels-photo-1478441.jpeg?auto=compress&cs=tinysrgb&w=1260&h=750&dpr=1
11,1,2,나위키 레볼루션 네이처,여성 로드 러닝화,https://images.pexels.com/photos/4490019/pexels-photo-4490019.jpeg?auto=compress&cs=tinysrgb&w=1260&h=750&dpr=1
12,1,2,나위키 이스케이프 런,여성 워터프루프 트레일 러닝화,https://images.pexels.com/photos/2404959/pexels-photo-2404959.png?auto=compress&cs=tinysrgb&w=1260&h=750&dpr=1
13,1,2,나위키 보메로 에어 줌,여성 트레일 러닝화,https://images.pexels.com/photos/60735/pexels-photo-60735.jpeg?auto=compress&cs=tinysrgb&w=1260&h=750&dpr=1
14,1,2,나위키 리액트 런 2,여성 로드 러닝화,https://cdn.pixabay.com/photo/2014/04/05/11/38/nike-316449_960_720.jpg
15,1,2,나위키 리액트 마일러 3,여성 이지 온/오프 러닝화,https://cdn.pixabay.com/photo/2020/05/27/07/33/nike-5226073_960_720.jpg
16,1,2,나위키 인피니티 리액트,여성 러닝화,https://cdn.pixabay.com/photo/2020/12/03/10/33/shoe-5800164_960_720.jpg
17,1,2,나위키 줌 리액트,여성 레이싱화,https://cdn.pixabay.com/photo/2021/07/22/11/01/nike-6485030_960_720.jpg
18,1,2,나위키 다운시프터,여성 워터프루프 러닝화,https://cdn.pixabay.com/photo/2020/04/09/08/38/nike-5020360_960_720.jpg
19,1,2,나위키 제가마,여성 트레일 러닝화,https://cdn.pixabay.com/photo/2020/04/17/07/18/nike-5053548_960_720.jpg
20,1,2,나위키 알파리액트,여성 러닝화,https://cdn.pixabay.com/photo/2021/07/23/07/52/nike-6486778_960_720.jpg
21,2,1,나위키 드라이 스트라이프,남성 러닝 캐주얼 탑,https://images.unsplash.com/photo-1607860087860-c46e865f6ab0?ixlib=rb-4.0.3&ixid=MnwxMjA3fDB8MHxwaG90by1wYWdlfHx8fGVufDB8fHx8&auto=format&fit=crop&w=726&q=80
22,2,1,나위키 드라이 핏 챌린저,남성 러닝 캐주얼 탑,https://images.unsplash.com/photo-1572495673508-62a6b369c380?ixlib=rb-4.0.3&ixid=MnwxMjA3fDB8MHxwaG90by1wYWdlfHx8fGVufDB8fHx8&auto=format&fit=crop&w=687&q=80
23,2,1,나위키 에이어 드라이,남성 러닝 캐주얼 탑,https://cdn.pixabay.com/photo/2017/08/06/12/58/people-2592299_960_720.jpg
24,2,1,나위키 임파서블리,남성 러닝 티셔츠,https://images.unsplash.com/photo-1521572163474-6864f9cf17ab?ixlib=rb-4.0.3&ixid=MnwxMjA3fDB8MHxwaG90by1wYWdlfHx8fGVufDB8fHx8&auto=format&fit=crop&w=880&q=80
25,2,1,나위키 쉴드,남성 러닝 티셔츠,https://images.unsplash.com/photo-1503341504253-dff4815485f1?ixlib=rb-4.0.3&ixid=MnwxMjA3fDB8MHxwaG90by1wYWdlfHx8fGVufDB8fHx8&auto=format&fit=crop&w=687&q=80
26,2,1,나위키 스시,남성 러닝 티셔츠,https://images.unsplash.com/photo-1627910087352-f4e3e28d9f5f?ixlib=rb-4.0.3&ixid=MnwxMjA3fDB8MHxwaG90by1wYWdlfHx8fGVufDB8fHx8&auto=format&fit=crop&w=687&q=80
27,2,1,나위키 스파크,남성 러닝 티셔츠,https://images.unsplash.com/photo-1512327428889-607eeb19efe8?ixlib=rb-4.0.3&ixid=MnwxMjA3fDB8MHxwaG90by1wYWdlfHx8fGVufDB8fHx8&auto=format&fit=crop&w=687&q=80
28,2,1,나위키 드라이 엘리먼트,남성 러닝 티셔츠,https://images.unsplash.com/photo-1527719327859-c6ce80353573?ixlib=rb-4.0.3&ixid=MnwxMjA3fDB8MHxwaG90by1wYWdlfHx8fGVufDB8fHx8&auto=format&fit=crop&w=764&q=80
29,2,1,나위키 멀티 핏,남성 러닝 티셔츠,https://images.unsplash.com/photo-1590999659195-e64a988eaf4f?ixlib=rb-4.0.3&ixid=MnwxMjA3fDB8MHxwaG90by1wYWdlfHx8fGVufDB8fHx8&auto=format&fit=crop&w=687&q=80
30,2,1,나위키 드라이 핏,남성 러닝 팬츠,https://images.unsplash.com/photo-1526889836072-dbb0f1dbce66?ixlib=rb-4.0.3&ixid=MnwxMjA3fDB8MHxwaG90by1wYWdlfHx8fGVufDB8fHx8&auto=format&fit=crop&w=1171&q=80
31,2,2,나위키 리펠 마일러,여성 러닝 레깅스,https://images.unsplash.com/photo-1600696491085-19dbbeb4f8c1?ixlib=rb-4.0.3&ixid=MnwxMjA3fDB8MHxwaG90by1wYWdlfHx8fGVufDB8fHx8&auto=format&fit=crop&w=687&q=80
32,2,2,나위키 에센셜,여성 러닝 스포츠 탑,https://images.unsplash.com/photo-1659980346383-fd6f8e2de8b3?ixlib=rb-4.0.3&ixid=MnwxMjA3fDB8MHxwaG90by1wYWdlfHx8fGVufDB8fHx8&auto=format&fit=crop&w=688&q=80
33,2,2,나위키 멀티플라이어,여성 러닝 캐주얼 탑,https://images.unsplash.com/photo-1565693413579-8ff3fdc1b03b?ixlib=rb-4.0.3&ixid=MnwxMjA3fDB8MHxwaG90by1wYWdlfHx8fGVufDB8fHx8&auto=format&fit=crop&w=387&q=80
34,2,2,나위키 드라이 핏 페놈,여성 러닝 캐주얼 팬츠,https://images.unsplash.com/photo-1517445312882-bc9910d016b7?ixlib=rb-4.0.3&ixid=MnwxMjA3fDB8MHxwaG90by1wYWdlfHx8fGVufDB8fHx8&auto=format&fit=crop&w=773&q=80
35,2,2,나위키 원,여성 러닝 탑,https://cdn.pixabay.com/photo/2015/07/03/16/08/jump-830428_960_720.jpg
36,2,2,나위키 써마 핏,여성 러닝 탑,https://images.unsplash.com/photo-1593419528756-3cdfa1615b86?ixlib=rb-4.0.3&ixid=MnwxMjA3fDB8MHxwaG90by1wYWdlfHx8fGVufDB8fHx8&auto=format&fit=crop&w=687&q=80
37,2,2,나위키 템포,여성 러닝 티셔츠,https://images.unsplash.com/photo-1522706604291-210a56c3b376?ixlib=rb-4.0.3&ixid=MnwxMjA3fDB8MHxwaG90by1wYWdlfHx8fGVufDB8fHx8&auto=format&fit=crop&w=687&q=80
38,2,2,나위키 런 디비전,여성 러닝 팬츠,https://images.unsplash.com/photo-1506629082955-511b1aa562c8?ixlib=rb-4.0.3&ixid=MnwxMjA3fDB8MHxwaG90by1wYWdlfHx8fGVufDB8fHx8&auto=format&fit=crop&w=687&q=80
39,2,2,나위키10k,여성 러닝 팬츠,https://images.unsplash.com/photo-1602573991155-21f0143bb45c?ixlib=rb-4.0.3&ixid=MnwxMjA3fDB8MHxwaG90by1wYWdlfHx8fGVufDB8fHx8&auto=format&fit=crop&w=714&q=80
40,3,,사계절 선글라스,러닝 선글라스,https://images.unsplash.com/photo-1489659831163-682b5af42225?ixlib=rb-4.0.3&ixid=MnwxMjA3fDB8MHxzZWFyY2h8NDd8fHJ1bm5pbmclMjB3ZWlzdCUyMGJhZ3xlbnwwfHwwfHw%3D&auto=format&fit=crop&w=900&q=60
41,3,,휴대폰 암 밴드,러닝 암 밴드,https://images.unsplash.com/photo-1480179087180-d9f0ec044897?ixlib=rb-4.0.3&ixid=MnwxMjA3fDB8MHxzZWFyY2h8Mnx8cnVubmluZyUyMGJhZ3xlbnwwfHwwfHw%3D&auto=format&fit=crop&w=900&q=60
42,3,,나위키 워치1,나위키 스마트워치,https://images.unsplash.com/photo-1629339837617-7069ce9e7f6b?ixlib=rb-4.0.3&ixid=MnwxMjA3fDB8MHxzZWFyY2h8Nnx8cnVubmluZyUyMHdhdGNofGVufDB8fDB8fA%3D%3D&auto=format&fit=crop&w=900&q=60
43,3,,땀 닦는 스포츠 타올,러닝 스포츠 타올,https://images.unsplash.com/photo-1658911215175-fdf383d1c7fe?ixlib=rb-4.0.3&ixid=MnwxMjA3fDB8MHxwaG90by1wYWdlfHx8fGVufDB8fHx8&auto=format&fit=crop&w=987&q=80
44,3,,잘 안풀리는 러닝화 끈,러닝 신발끈,https://images.pexels.com/photos/7432/pexels-photo.jpg?auto=compress&cs=tinysrgb&w=600
45,3,,간식 수납 러닝조끼,러닝 조끼,https://images.pexels.com/photos/1571939/pexels-photo-1571939.jpeg?auto=compress&cs=tinysrgb&w=1260&h=750&dpr=2
46,3,,러닝 헤어밴드,러닝 헤어벤드,https://images.pexels.com/photos/1564466/pexels-photo-1564466.jpeg?auto=compress&cs=tinysrgb&w=600
47,3,,무지개 러닝 선글라스,러닝 선글라스,https://images.pexels.com/photos/1578384/pexels-photo-1578384.jpeg?auto=compress&cs=tinysrgb&w=600
48,3,,밤에도 잘보이는 러닝 삭스,러닝 삭스,https://images.pexels.com/photos/3039888/pexels-photo-3039888.jpeg?auto=compress&cs=tinysrgb&w=600
49,3,,러닝용 이어폰,러닝 이어폰,https://images.pexels.com/photos/11001166/pexels-photo-11001166.jpeg?auto=compress&cs=tinysrgb&w=600
50,3,,레인보우 로고 손목 스포츠 밴드,러닝 손목 밴드,https://images.pexels.com/photos/5926275/pexels-photo-5926275.jpeg?auto=compress&cs=tinysrgb&w=600
51,3,,텐션 짱짱한 손목 보호 아대,러닝 손목 밴드,https://images.pexels.com/photos/1516268/pexels-photo-1516268.jpeg?auto=compress&cs=tinysrgb&w=600
52,3,,가벼운 러닝백팩,러닝 백팩,https://images.pexels.com/photos/3731256/pexels-photo-3731256.jpeg?auto=compress&cs=tinysrgb&w=600
53,3,,나위키 워치2,나위키 스마트워치,https://images.unsplash.com/photo-1523426366168-ab13c3cccb03?ixlib=rb-4.0.3&ixid=MnwxMjA3fDB8MHxzZWFyY2h8MzJ8fHNtYXJ0JTIwd2F0Y2h8ZW58MHx8MHx8&auto=format&fit=crop&w=500&q=60
54,3,,3Q23,러닝 백팩,https://images.unsplash.com/photo-1599622888303-698e26123f26?ixlib=rb-4.0.3&ixid=MnwxMjA3fDB8MHxzZWFyY2h8MTA1fHxjYXB8ZW58MHx8MHx8&auto=format&fit=crop&w=500&q=60
55,3,,Just Culture,러닝 캡,https://images.unsplash.com/photo-1622815540827-b8821ee57cf1?ixlib=rb-4.0.3&ixid=MnwxMjA3fDB8MHxzZWFyY2h8NTF8fGNhcHxlbnwwfHwwfHw%3D&auto=format&fit=crop&w=500&q=60
56,3,,나위키 캡,러닝 캡,https://images.unsplash.com/photo-1534215754734-18e55d13e346?ixlib=rb-4.0.3&ixid=MnwxMjA3fDB8MHxzZWFyY2h8OHx8Y2FwfGVufDB8fDB8fA%3D%3D&auto=format&fit=crop&w=500&q=60
57,3,,나위키 캡,러닝 비니,https://images.unsplash.com/photo-1549467307-a9a210c33428?ixlib=rb-4.0.3&ixid=MnwxMjA3fDB8MHxzZWFyY2h8MjN8fGJlYW5pZSUyMGhhdHxlbnwwfHwwfHw%3D&auto=format&fit=crop&w=500&q=60
58,3,,나위키 비니,러닝 비니,https://images.unsplash.com/photo-1618354691792-d1d42acfd860?ixlib=rb-4.0.3&ixid=MnwxMjA3fDB8MHxzZWFyY2h8Mnx8YmVhbmllJTIwaGF0fGVufDB8fDB8fA%3D%3D&auto=format&fit=crop&w=500&q=60
59,3,,나위키 캡모자,러닝 캡,https://images.unsplash.com/photo-1612887726773-e64e20cf08fe?ixlib=rb-4.0.3&ixid=MnwxMjA3fDB8MHxzZWFyY2h8MTh8fGNhcHxlbnwwfHwwfHw%3D&auto=format&fit=crop&w=500&q=60
60,4,1,에어 티엠포,남성 축구화,https://images.unsplash.com/photo-1511886929837-354d827aae26?ixlib=rb-4.0.3&ixid=MnwxMjA3fDB8MHxwaG90by1wYWdlfHx8fGVufDB8fHx8&auto=format&fit=crop&w=2564&q=80
61,4,1,ACG,남성 축구화,https://images.unsplash.com/photo-1603567119308-649b6e66e478?ixlib=rb-4.0.3&ixid=MnwxMjA3fDB8MHxwaG90by1wYWdlfHx8fGVufDB8fHx8&auto=format&fit=crop&w=774&q=80
62,4,1,맥스 레전드,남성 축구화,https://images.unsplash.com/photo-1612387604874-e75a5820637a?ixlib=rb-4.0.3&ixid=MnwxMjA3fDB8MHxwaG90by1wYWdlfHx8fGVufDB8fHx8&auto=format&fit=crop&w=774&q=80
63,4,1,르브론 코트,남성 축구화,https://images.unsplash.com/photo-1614739947439-ad507bf07111?ixlib=rb-4.0.3&ixid=MnwxMjA3fDB8MHxwaG90by1wYWdlfHx8fGVufDB8fHx8&auto=format&fit=crop&w=992&q=80
64,4,1,버로우 베이퍼,남성 축구화,https://images.unsplash.com/photo-1551224197-50f10009befa?ixlib=rb-4.0.3&ixid=MnwxMjA3fDB8MHxwaG90by1wYWdlfHx8fGVufDB8fHx8&auto=format&fit=crop&w=928&q=80
65,4,1,로우 레트로,남성 축구화,https://images.unsplash.com/photo-1612387604233-0edcdccecf94?ixlib=rb-4.0.3&ixid=MnwxMjA3fDB8MHxwaG90by1wYWdlfHx8fGVufDB8fHx8&auto=format&fit=crop&w=774&q=80
66,4,1,테이텀,남성 축구화,https://images.unsplash.com/photo-1515955656352-a1fa3ffcd111?ixlib=rb-4.0.3&ixid=MnwxMjA3fDB8MHxwaG90by1wYWdlfHx8fGVufDB8fHx8&auto=format&fit=crop&w=1740&q=80
67,4,1,플라이니트3,남성 축구화,https://images.unsplash.com/photo-1491553895911-0055eca6402d?ixlib=rb-4.0.3&ixid=MnwxMjA3fDB8MHxwaG90by1wYWdlfHx8fGVufDB8fHx8&auto=format&fit=crop&w=1160&q=80
68,4,1,77빈티지,남성 축구화,https://images.unsplash.com/photo-1579952363873-27f3bade9f55?ixlib=rb-4.0.3&ixid=MnwxMjA3fDB8MHxwaG90by1wYWdlfHx8fGVufDB8fHx8&auto=format&fit=crop&w=870&q=80
69,4,1,크래프트,남성 축구화,https://images.unsplash.com/photo-1543508282-6319a3e2621f?ixlib=rb-4.0.3&ixid=MnwxMjA3fDB8MHxwaG90by1wYWdlfHx8fGVufDB8fHx8&auto=format&fit=crop&w=715&q=80
70,4,2,sacai,여성 축구화,https://images.unsplash.com/photo-1529900672901-908be5302554?ixlib=rb-4.0.3&ixid=MnwxMjA3fDB8MHxwaG90by1wYWdlfHx8fGVufDB8fHx8&auto=format&fit=crop&w=1740&q=80
71,4,2,베이퍼플라이,여성 축구화,https://images.unsplash.com/photo-1599571720388-1a7b15206466?ixlib=rb-4.0.3&ixid=MnwxMjA3fDB8MHxwaG90by1wYWdlfHx8fGVufDB8fHx8&auto=format&fit=crop&w=1548&q=80
72,4,2,로우 케이트,여성 축구화,https://images.unsplash.com/photo-1612387049565-d8022fe99fe1?ixlib=rb-4.0.3&ixid=MnwxMjA3fDB8MHxwaG90by1wYWdlfHx8fGVufDB8fHx8&auto=format&fit=crop&w=774&q=80
73,4,2,97 OG,여성 축구화,https://images.unsplash.com/photo-1612387604960-d21946117d17?ixlib=rb-4.0.3&ixid=MnwxMjA3fDB8MHxwaG90by1wYWdlfHx8fGVufDB8fHx8&auto=format&fit=crop&w=1740&q=80
74,4,2,미드 QS,여성 축구화,https://images.unsplash.com/photo-1612387605285-7ee92eae6958?ixlib=rb-4.0.3&ixid=MnwxMjA3fDB8MHxwaG90by1wYWdlfHx8fGVufDB8fHx8&auto=format&fit=crop&w=974&q=80
75,4,2,레트로 GTS,여성 축구화,https://images.unsplash.com/photo-1612387605642-b55525519f04?ixlib=rb-4.0.3&ixid=MnwxMjA3fDB8MHxwaG90by1wYWdlfHx8fGVufDB8fHx8&auto=format&fit=crop&w=774&q=80
76,4,2,레볼루션6,여성 축구화,https://images.unsplash.com/photo-1508147840258-7d4e11798d4d?ixlib=rb-4.0.3&ixid=MnwxMjA3fDB8MHxwaG90by1wYWdlfHx8fGVufDB8fHx8&auto=format&fit=crop&w=1740&q=80
77,4,2,언더커버,여성 축구화,https://images.unsplash.com/photo-1542291026-7eec264c27ff?ixlib=rb-4.0.3&ixid=MnwxMjA3fDB8MHxwaG90by1wYWdlfHx8fGVufDB8fHx8&auto=format&fit=crop&w=2670&q=80
78,4,2,스트릭플라이,여성 축구화,https://images.unsplash.com/photo-1565604085891-f0edf1b179f9?ixlib=rb-4.0.3&ixid=MnwxMjA3fDB8MHxwaG90by1wYWdlfHx8fGVufDB8fHx8&auto=format&fit=crop&w=687&q=80
79,4,2,메트콘,여성 축구화,https://images.unsplash.com/photo-1451256656121-9ffc0c898a49?ixlib=rb-4.0.3&ixid=MnwxMjA3fDB8MHxwaG90by1wYWdlfHx8fGVufDB8fHx8&auto=format&fit=crop&w=1470&q=80
80,5,1,골키퍼 전용 유니폼 home,남성 축구 골키퍼 전용 유니폼,https://images.unsplash.com/photo-1626318305863-bb23d0297c0b?ixlib=rb-4.0.3&ixid=MnwxMjA3fDB8MHxwaG90by1wYWdlfHx8fGVufDB8fHx8&auto=format&fit=crop&w=1048&q=80
81,5,1,병아리 유니폼,남성 축구 유니폼,https://images.unsplash.com/photo-1589708447298-661c742ec07d?ixlib=rb-4.0.3&ixid=MnwxMjA3fDB8MHxwaG90by1wYWdlfHx8fGVufDB8fHx8&auto=format&fit=crop&w=1887&q=80
82,5,1,바둑알 home&away 유니폼,남성 축구 유니폼,https://images.unsplash.com/photo-1581978528856-a433e37da211?ixlib=rb-4.0.3&ixid=MnwxMjA3fDB8MHxwaG90by1wYWdlfHx8fGVufDB8fHx8&auto=format&fit=crop&w=1795&q=80
83,5,1,피지컬 커보이는 유니폼,남성 축구 유니폼,https://images.unsplash.com/photo-1582586302869-715be816f60b?ixlib=rb-4.0.3&ixid=MnwxMjA3fDB8MHxwaG90by1wYWdlfHx8fGVufDB8fHx8&auto=format&fit=crop&w=1770&q=80
84,5,1,중동까지 수출한 유니폼,남성 축구 유니폼,https://images.unsplash.com/photo-1569921052046-9832237bcff3?ixlib=rb-4.0.3&ixid=MnwxMjA3fDB8MHxwaG90by1wYWdlfHx8fGVufDB8fHx8&auto=format&fit=crop&w=987&q=80
85,5,1,바둑알 상하의 유니폼,남성 축구 유니폼,https://images.unsplash.com/flagged/photo-1568105631375-d992b82a905b?ixlib=rb-4.0.3&ixid=MnwxMjA3fDB8MHxzZWFyY2h8MjM0fHxzb2NjZXIlMjBhcHBhcmVsfGVufDB8fDB8fA%3D%3D&auto=format&fit=crop&w=800&q=60
86,5,1,초경량 유니폼,남성 축구 유니폼,https://images.unsplash.com/photo-1517466787929-bc90951d0974?ixlib=rb-4.0.3&ixid=MnwxMjA3fDB8MHxwaG90by1wYWdlfHx8fGVufDB8fHx8&auto=format&fit=crop&w=986&q=80
87,5,1,포그바도 2개 사간 유니폼,남성 축구 유니폼,https://images.unsplash.com/photo-1614453966169-fd72db98e20f?ixlib=rb-4.0.3&ixid=MnwxMjA3fDB8MHxwaG90by1wYWdlfHx8fGVufDB8fHx8&auto=format&fit=crop&w=1974&q=80
88,5,1,아무데나 걸어놔도 멋있는 유니폼,남성 축구 저지 자켓,https://images.unsplash.com/photo-1616066472875-59a950a3d70a?ixlib=rb-4.0.3&ixid=MnwxMjA3fDB8MHxwaG90by1wYWdlfHx8fGVufDB8fHx8&auto=format&fit=crop&w=987&q=80
89,5,1,풋살장 갈때 입기 좋은 트레이닝복,남성 축구 트레이닝복,https://images.unsplash.com/photo-1560272564-c83b66b1ad12?ixlib=rb-4.0.3&ixid=MnwxMjA3fDB8MHxwaG90by1wYWdlfHx8fGVufDB8fHx8&auto=format&fit=crop&w=1049&q=80
90,5,2,골키퍼 전용 유니폼 away,여성 축구 골키퍼 전용 유니폼,https://images.unsplash.com/photo-1526842513512-81a44e219555?ixlib=rb-4.0.3&ixid=MnwxMjA3fDB8MHxzZWFyY2h8OXx8c29jY2VyJTIwd29tYW58ZW58MHx8MHx8&auto=format&fit=crop&w=800&q=60
91,5,2,신축성 좋은 편한 유니폼,여성 축구 유니폼,https://images.unsplash.com/photo-1629977008298-926046be0a8b?ixlib=rb-4.0.3&ixid=MnwxMjA3fDB8MHxwaG90by1wYWdlfHx8fGVufDB8fHx8&auto=format&fit=crop&w=2070&q=80
92,5,2,파리 생제르망st 유니폼,여성 축구 유니폼,https://images.unsplash.com/photo-1629977007371-0ba395424741?ixlib=rb-4.0.3&ixid=MnwxMjA3fDB8MHxwaG90by1wYWdlfHx8fGVufDB8fHx8&auto=format&fit=crop&w=2071&q=80
93,5,2,팀으로 맞추면 좋은 유니폼,여성 축구 유니폼,https://images.unsplash.com/photo-1535506349729-56e253fac2b1?ixlib=rb-4.0.3&ixid=MnwxMjA3fDB8MHxzZWFyY2h8MTV8fHNvY2NlciUyMHdvbWFufGVufDB8fDB8fA%3D%3D&auto=format&fit=crop&w=800&q=60
94,5,2,클래식 유니폼,여성 축구 유니폼,https://images.unsplash.com/photo-1603291697926-7e5822ed1ac5?ixlib=rb-4.0.3&ixid=MnwxMjA3fDB8MHxwaG90by1wYWdlfHx8fGVufDB8fHx8&auto=format&fit=crop&w=988&q=80
95,5,2,매치경기 할 때 입기 좋은 유니폼 away,여성 축구 유니폼,https://images.unsplash.com/photo-1529247901658-3137e59ba087?ixlib=rb-4.0.3&ixid=MnwxMjA3fDB8MHxzZWFyY2h8OHx8c29jY2VyJTIwd29tYW58ZW58MHx8MHx8&auto=format&fit=crop&w=800&q=60
96,5,2,매치경기 할 때 입기 좋은 유니폼 home,여성 축구 유니폼,https://images.unsplash.com/photo-1526838890080-053700ebe3d2?ixlib=rb-4.0.3&ixid=MnwxMjA3fDB8MHxwaG90by1wYWdlfHx8fGVufDB8fHx8&auto=format&fit=crop&w=3186&q=80
97,5,2,색감 좋은 저지 맨투맨,여성 축구 저지 맨투맨,https://images.unsplash.com/photo-1641567413454-d40f6bc28821?ixlib=rb-4.0.3&ixid=MnwxMjA3fDB8MHxwaG90by1wYWdlfHx8fGVufDB8fHx8&auto=format&fit=crop&w=987&q=80
98,5,2,유니폼 커플티 black&white,커플티로도 입기 좋은 유니폼,https://images.unsplash.com/photo-1551854304-9235bf86ef71?ixlib=rb-4.0.3&ixid=MnwxMjA3fDB8MHxwaG90by1wYWdlfHx8fGVufDB8fHx8&auto=format&fit=crop&w=2370&q=80
99,5,2,유니폼 커플티 red,커플티로도 입기 좋은 유니폼,https://images.unsplash.com/photo-1551854321-1432edd90a5c?ixlib=rb-4.0.3&ixid=MnwxMjA3fDB8MHxzZWFyY2h8MjAzfHxzb2NjZXIlMjBhcHBhcmVsfGVufDB8fDB8fA%3D%3D&auto=format&fit=crop&w=800&q=60
100,6,1,포르투칼 홈 유니폼,기능성 유니폼,https://cdn.pixabay.com/photo/2021/03/18/19/27/football-6105682_960_720.jpg
101,6,1,포르투칼 어웨이 유니폼,기능성 유니폼,https://cdn.pixabay.com/photo/2021/03/28/08/18/ronaldo-6130591_960_720.jpg
102,6,1,레알마드리드 홈 유니폼,기능성 유니폼,https://cdn.pixabay.com/photo/2013/03/03/14/58/fabio-coentrao-89568_960_720.jpg
103,6,1,바르셀로나 홈 유니폼,기능성 유니폼,https://cdn.pixabay.com/photo/2017/01/25/17/20/lionel-2008448_960_720.jpg
104,6,1,이탈리아 홈 유니폼,국가대표 팀 유니폼,https://cdn.pixabay.com/photo/2017/05/07/15/03/flag-2292677_960_720.png
105,6,1,리버풀 유니폼,기능성 유니폼,https://cdn.pixabay.com/photo/2017/08/30/23/41/football-2698969_960_720.jpg
106,6,1,이스라엘 대표팀 유니폼,국가대표 팀 유니폼,https://cdn.pixabay.com/photo/2017/08/25/20/47/international-2681369_960_720.jpg
107,6,1,우크라이나 대표팀,국가대표 팀 유니폼,https://cdn.pixabay.com/photo/2017/08/26/23/43/international-2684771_960_720.jpg
108,6,1,스페인 홈 유니폼,국가대표 팀 유니폼,https://cdn.pixabay.com/photo/2017/08/25/20/34/international-2681322_960_720.jpg
109,6,1,독일 대표팀 홈,국가대표 팀 유니폼,https://cdn.pixabay.com/photo/2017/08/25/20/17/international-2681270_960_720.jpg
110,6,1,AC밀란 홈,기능성 유니폼,https://cdn.pixabay.com/photo/2018/07/24/21/32/football-3560066_960_720.jpg
111,6,1,브라질 대표팀,국가대표 팀 유니폼,https://cdn.pixabay.com/photo/2017/05/07/14/59/flag-2292665_960_720.png
112,6,2,캐나다 여자 대표팀,국가대표 팀 유니폼,https://cdn.pixabay.com/photo/2017/06/20/17/20/international-2423852_960_720.png
113,6,2,미국 여자 축구,국가대표 팀 유니폼,https://cdn.pixabay.com/photo/2017/08/25/20/31/international-2681317_960_720.jpg
114,6,2,대한민국 여자 올림픽,국가대표 팀 유니폼,https://cdn.pixabay.com/photo/2017/05/07/15/08/flag-2292686_960_720.png
115,6,2,이집트 여성 유니폼,국가대표 팀 유니폼,https://cdn.pixabay.com/photo/2017/06/20/17/20/international-2423855_960_720.png
116,6,2,멕시코 대표팀 여성 유니폼,국가대표 팀 유니폼,https://cdn.pixabay.com/photo/2017/08/19/03/40/international-2657262_960_720.png
117,6,2,아틀레티코 마드리드 팀 유니폼 여성,기능성 유니폼,https://cdn.pixabay.com/photo/2017/08/31/06/32/football-2699589_960_720.jpg
118,6,2,도르트문트 홈 유니폼 여성,기능성 유니폼,https://cdn.pixabay.com/photo/2017/08/30/16/00/football-2697615_960_720.jpg
119,6,2,여성용 스위스 대표팀 져지,국가대표 팀 유니폼,https://cdn.pixabay.com/photo/2017/05/14/11/36/international-2311843_960_720.png
120,7,1,나위키 코스믹 유니티,남성 농구화,https://images.pexels.com/photos/2529148/pexels-photo-2529148.jpeg
121,7,1,에어 조덩 12,남성 농구화,https://images.unsplash.com/photo-1533681018184-68bd1d883b97?ixlib=rb-4.0.3&ixid=MnwxMjA3fDB8MHxwaG90by1wYWdlfHx8fGVufDB8fHx8&auto=format&fit=crop&w=1631&q=80
122,7,1,좀 프릭 4 NRG,남성 농구화,https://images.unsplash.com/photo-1552346154-21d32810aba3?ixlib=rb-4.0.3&ixid=MnwxMjA3fDB8MHxwaG90by1wYWdlfHx8fGVufDB8fHx8&auto=format&fit=crop&w=1170&q=80
123,7,1,르브롱 19 하이,남성 농구화,https://images.unsplash.com/photo-1605348532760-6753d2c43329?ixlib=rb-4.0.3&ixid=MnwxMjA3fDB8MHxwaG90by1wYWdlfHx8fGVufDB8fHx8&auto=format&fit=crop&w=687&q=80
124,7,1,자이언티 2 PF,남성 농구화,https://images.unsplash.com/photo-1595909336425-5bf541155dec?ixlib=rb-4.0.3&ixid=MnwxMjA3fDB8MHxwaG90by1wYWdlfHx8fGVufDB8fHx8&auto=format&fit=crop&w=687&q=80
125,7,1,조덩 5,남성 농구화,https://images.unsplash.com/photo-1588584470505-2e1a329ce68e?ixlib=rb-4.0.3&ixid=MnwxMjA3fDB8MHxwaG90by1wYWdlfHx8fGVufDB8fHx8&auto=format&fit=crop&w=1170&q=80
126,7,1,르브롱 19 로우,남성 농구화,https://images.unsplash.com/photo-1620138546344-7b2c38516edf?ixlib=rb-4.0.3&ixid=MnwxMjA3fDB8MHxwaG90by1wYWdlfHx8fGVufDB8fHx8&auto=format&fit=crop&w=687&q=80
127,7,1,루카 에어 델돈,남성 농구화,https://images.unsplash.com/photo-1518894781321-630e638d0742?ixlib=rb-4.0.3&ixid=MnwxMjA3fDB8MHxwaG90by1wYWdlfHx8fGVufDB8fHx8&auto=format&fit=crop&w=880&q=80
128,7,1,KB15 EP,남성 농구화,https://images.unsplash.com/photo-1616968308985-aa7a285415b0?ixlib=rb-4.0.3&ixid=MnwxMjA3fDB8MHxwaG90by1wYWdlfHx8fGVufDB8fHx8&auto=format&fit=crop&w=735&q=80
129,7,1,에어 조덩 99,남성 농구화,https://images.unsplash.com/photo-1595909337002-3cdc3a590160?ixlib=rb-4.0.3&ixid=MnwxMjA3fDB8MHxwaG90by1wYWdlfHx8fGVufDB8fHx8&auto=format&fit=crop&w=687&q=80
130,7,2,좀 프릭 7 레터 브로스,농구화,https://images.unsplash.com/photo-1656944227421-416b1d2186c9?ixlib=rb-4.0.3&ixid=MnwxMjA3fDB8MHxwaG90by1wYWdlfHx8fGVufDB8fHx8&auto=format&fit=crop&w=701&q=80
131,7,2,루카 에어 로우,농구화,https://images.unsplash.com/photo-1570464197285-9949814674a7?ixlib=rb-4.0.3&ixid=MnwxMjA3fDB8MHxwaG90by1wYWdlfHx8fGVufDB8fHx8&auto=format&fit=crop&w=1073&q=80
132,7,2,에이어맥스 임팩트,농구화,https://images.unsplash.com/photo-1595950653106-6c9ebd614d3a?ixlib=rb-4.0.3&ixid=MnwxMjA3fDB8MHxwaG90by1wYWdlfHx8fGVufDB8fHx8&auto=format&fit=crop&w=687&q=80
133,7,2,르브롱 39,농구화,https://images.unsplash.com/photo-1557461761-c7c2b7a5fa97?ixlib=rb-4.0.3&ixid=MnwxMjA3fDB8MHxwaG90by1wYWdlfHx8fGVufDB8fHx8&auto=format&fit=crop&w=765&q=80
134,7,2,조덩 스테이 로열 3,농구화,https://images.unsplash.com/photo-1608197492882-4ab08b61f78c?ixlib=rb-4.0.3&ixid=MnwxMjA3fDB8MHxwaG90by1wYWdlfHx8fGVufDB8fHx8&auto=format&fit=crop&w=735&q=80
135,7,2,KB 37 EP,농구화,https://images.unsplash.com/photo-1524532787116-e70228437bbe?ixlib=rb-4.0.3&ixid=MnwxMjA3fDB8MHxwaG90by1wYWdlfHx8fGVufDB8fHx8&auto=format&fit=crop&w=1169&q=80
136,7,2,에이어맥스 4,농구화,https://images.unsplash.com/photo-1560769629-975ec94e6a86?ixlib=rb-4.0.3&ixid=MnwxMjA3fDB8MHxwaG90by1wYWdlfHx8fGVufDB8fHx8&auto=format&fit=crop&w=764&q=80
137,7,2,나위키 코스믹 유니티 7,농구화,https://images.unsplash.com/photo-1575537302964-96cd47c06b1b?ixlib=rb-4.0.3&ixid=MnwxMjA3fDB8MHxwaG90by1wYWdlfHx8fGVufDB8fHx8&auto=format&fit=crop&w=1170&q=80
138,7,2,노발란스 16,농구화,https://images.unsplash.com/photo-1539185441755-769473a23570?ixlib=rb-4.0.3&ixid=MnwxMjA3fDB8MHxwaG90by1wYWdlfHx8fGVufDB8fHx8&auto=format&fit=crop&w=1171&q=80
139,7,2,루키 2 PF,농구화,https://images.unsplash.com/photo-1582229911941-ad25e99c9ead?ixlib=rb-4.0.3&ixid=MnwxMjA3fDB8MHxwaG90by1wYWdlfHx8fGVufDB8fHx8&auto=format&fit=crop&w=1632&q=80
140,8,1,나이키 위코드 에디션,남성 나이키 NBA 저지,https://images.unsplash.com/photo-1649030703209-b36c83d8e348?ixlib=rb-4.0.3&ixid=MnwxMjA3fDB8MHxwaG90by1wYWdlfHx8fGVufDB8fHx8&auto=format&fit=crop&w=1469&q=80
141,8,1,골든 스테이츠 워리어스,남성 나이키 NBA 저지,https://images.unsplash.com/photo-1615920120387-b0fe9254526c?ixlib=rb-4.0.3&ixid=MnwxMjA3fDB8MHxwaG90by1wYWdlfHx8fGVufDB8fHx8&auto=format&fit=crop&w=1074&q=80
142,8,1,르브론16,남성 농구 반팔티,https://images.unsplash.com/photo-1605773741569-82c873397784?ixlib=rb-4.0.3&ixid=MnwxMjA3fDB8MHxwaG90by1wYWdlfHx8fGVufDB8fHx8&auto=format&fit=crop&w=765&q=80
143,8,1,나이키 사슴,남성 농구 유니폼,https://images.unsplash.com/photo-1646833018583-f5b60fb3efa4?ixlib=rb-4.0.3&ixid=MnwxMjA3fDB8MHxwaG90by1wYWdlfHx8fGVufDB8fHx8&auto=format&fit=crop&w=687&q=80
144,8,1,나이키 엔버,남성 농구 유니폼,https://images.unsplash.com/photo-1585071258252-369a36d89e30?ixlib=rb-4.0.3&ixid=MnwxMjA3fDB8MHxwaG90by1wYWdlfHx8fGVufDB8fHx8&auto=format&fit=crop&w=678&q=80
145,8,1,나이키 21,남성 농구 유니폼,https://images.unsplash.com/photo-1583052628620-9f4990c5ad1e?ixlib=rb-4.0.3&ixid=MnwxMjA3fDB8MHxwaG90by1wYWdlfHx8fGVufDB8fHx8&auto=format&fit=crop&w=695&q=80
146,8,1,정복자,남성 농구 유니폼,https://images.unsplash.com/photo-1581390720272-5b6d3da281d0?ixlib=rb-4.0.3&ixid=MnwxMjA3fDB8MHxwaG90by1wYWdlfHx8fGVufDB8fHx8&auto=format&fit=crop&w=687&q=80
147,8,1,판타지,남성 농구 유니폼,https://images.unsplash.com/photo-1551330343-c0da386bf741?ixlib=rb-4.0.3&ixid=MnwxMjA3fDB8MHxwaG90by1wYWdlfHx8fGVufDB8fHx8&auto=format&fit=crop&w=687&q=80
148,8,1,노랑22,남성 농구 유니폼,https://images.unsplash.com/photo-1561659228-fd2b3e33c10c?ixlib=rb-4.0.3&ixid=MnwxMjA3fDB8MHxwaG90by1wYWdlfHx8fGVufDB8fHx8&auto=format&fit=crop&w=688&q=80
149,8,1,나이키 드라이 핏,남성 농구 재킷,https://images.unsplash.com/photo-1518417823698-91652324a3f3?ixlib=rb-4.0.3&ixid=MnwxMjA3fDB8MHxwaG90by1wYWdlfHx8fGVufDB8fHx8&auto=format&fit=crop&w=687&q=80
150,8,1,LC 재킷,남성 농구 재킷,https://images.unsplash.com/flagged/photo-1580051559810-896751e48350?ixlib=rb-4.0.3&ixid=MnwxMjA3fDB8MHxwaG90by1wYWdlfHx8fGVufDB8fHx8&auto=format&fit=crop&w=687&q=80
151,8,1,나이키 에어,남성 농구 티셔츠,https://images.unsplash.com/photo-1585036156261-1e2ac055414d?ixlib=rb-4.0.3&ixid=MnwxMjA3fDB8MHxwaG90by1wYWdlfHx8fGVufDB8fHx8&auto=format&fit=crop&w=687&q=80
152,8,1,나이키 컬쳐 오브 바스켓볼,남성 농구 팬츠,https://images.unsplash.com/photo-1602670935908-094f41dcb67c?ixlib=rb-4.0.3&ixid=MnwxMjA3fDB8MHxwaG90by1wYWdlfHx8fGVufDB8fHx8&auto=format&fit=crop&w=687&q=80
153,8,1,존 윅,남성 농구 후드티,https://images.unsplash.com/photo-1615545362149-85299994b09b?ixlib=rb-4.0.3&ixid=MnwxMjA3fDB8MHxwaG90by1wYWdlfHx8fGVufDB8fHx8&auto=format&fit=crop&w=688&q=80
154,8,2,nikeA,여성 농구 반팔티,https://images.unsplash.com/photo-1619434531375-a71d54ae1956?ixlib=rb-4.0.3&ixid=MnwxMjA3fDB8MHxwaG90by1wYWdlfHx8fGVufDB8fHx8&auto=format&fit=crop&w=764&q=80
155,8,2,나이키 23,여성 농구 유니폼,https://images.unsplash.com/photo-1556441693-e27bc50c45c5?ixlib=rb-4.0.3&ixid=MnwxMjA3fDB8MHxwaG90by1wYWdlfHx8fGVufDB8fHx8&auto=format&fit=crop&w=765&q=80
156,8,2,나이키 스포츠 탑,여성 농구 탑,https://images.unsplash.com/photo-1505915909330-c082888680af?ixlib=rb-4.0.3&ixid=MnwxMjA3fDB8MHxwaG90by1wYWdlfHx8fGVufDB8fHx8&auto=format&fit=crop&w=627&q=80
157,8,2,나이키 스포츠웨어 탑,여성 농구 탱크,https://images.unsplash.com/photo-1529684721191-c1396b50c80b?ixlib=rb-4.0.3&ixid=MnwxMjA3fDB8MHxwaG90by1wYWdlfHx8fGVufDB8fHx8&auto=format&fit=crop&w=676&q=80
158,8,2,나이키 르브론 프로텍트,여성 농구 후드티,https://images.unsplash.com/photo-1600950207944-0d63e8edbc3f?ixlib=rb-4.0.3&ixid=MnwxMjA3fDB8MHxwaG90by1wYWdlfHx8fGVufDB8fHx8&auto=format&fit=crop&w=764&q=80
159,8,2,빈 후드티,여성 농구 후드티,https://images.unsplash.com/photo-1604272490759-7c465473958a?ixlib=rb-4.0.3&ixid=MnwxMjA3fDB8MHxwaG90by1wYWdlfHx8fGVufDB8fHx8&auto=format&fit=crop&w=687&q=80
160,9,1,나위키 22,나위키 삭스,https://images.unsplash.com/photo-1611867416133-8de852bcb6e4?ixlib=rb-4.0.3&ixid=MnwxMjA3fDB8MHxwaG90by1wYWdlfHx8fGVufDB8fHx8&auto=format&fit=crop&w=687&q=80
161,9,1,나위키 2Q120,남성 나위키 드라이핏 NBA 저지,https://cdn.pixabay.com/photo/2016/11/29/03/12/back-view-1867001_960_720.jpg
162,9,1,로스엔젤레스 레이커스 23,남성 나위키 드라이핏 NBA 저지,https://cdn.pixabay.com/photo/2020/11/10/19/03/jersey-5730753_960_720.jpg
163,9,1,루카 2019,남성 나위키 드라이핏 NBA 저지,https://images.pexels.com/photos/974509/pexels-photo-974509.jpeg?auto=compress&cs=tinysrgb&w=1260&h=750&dpr=1
164,9,1,팀 32 스탠다드,남성 나위키 NBA 반팔티,https://images.unsplash.com/photo-1581655353564-df123a1eb820?ixlib=rb-4.0.3&ixid=MnwxMjA3fDB8MHxzZWFyY2h8M3x8dCUyMHNoaXJ0fGVufDB8fDB8fA%3D%3D&auto=format&fit=crop&w=500&q=60
165,9,1,코트사이드 맥스 03,남성 나위키 NBA 저지,https://images.unsplash.com/photo-1522029928090-697e845b8038?ixlib=rb-4.0.3&ixid=MnwxMjA3fDB8MHxzZWFyY2h8MTg2fHxiYXNrZXRiYWxsJTIwd2VhcnxlbnwwfHwwfHw%3D&auto=format&fit=crop&w=500&q=60
166,9,1,나위키 에어 반팔티,남성 반팔티,https://images.unsplash.com/photo-1615204319045-40470afb8f01?ixlib=rb-4.0.3&ixid=MnwxMjA3fDB8MHxzZWFyY2h8MjE0fHxiYXNrZXRiYWxsJTIwd2VhcnxlbnwwfHwwfHw%3D&auto=format&fit=crop&w=500&q=60
167,9,1,north 44,남성 NBA 저지,https://cdn.pixabay.com/photo/2020/04/03/21/49/basketball-5000271_960_720.jpg
168,9,1,나위키 293 저지 2021,남성 NBA 저지,https://cdn.pixabay.com/photo/2021/12/04/04/53/sport-6844380_960_720.jpg
169,9,1,나위키 21 저지,남성 NBA 저지,https://images.pexels.com/photos/2834917/pexels-photo-2834917.jpeg?auto=compress&cs=tinysrgb&w=1260&h=750&dpr=1
170,9,1,MAVERICK 2022,남성 NBA 저지,https://images.pexels.com/photos/159611/basketball-player-game-sport-159611.jpeg
171,9,1,케빈 듀란트 네트,남성 NBA 저지,https://images.unsplash.com/flagged/photo-1578249613403-22c52a42ff89?ixlib=rb-4.0.3&ixid=MnwxMjA3fDB8MHxzZWFyY2h8MzI3fHx0JTIwc2hpcnR8ZW58MHx8MHx8&auto=format&fit=crop&w=500&q=60
172,9,1,나위키 코드사이드 맥스,남성 NBA 티셔츠,https://images.unsplash.com/photo-1627059665887-b89c08de2374?ixlib=rb-4.0.3&ixid=MnwxMjA3fDB8MHxzZWFyY2h8Mjg2fHx0JTIwc2hpcnR8ZW58MHx8MHx8&auto=format&fit=crop&w=500&q=60
173,9,1,뉴올리언스 스테이트먼트 에디션,남성 NBA 플리스 반팔티,https://images.unsplash.com/photo-1632383380124-c5a335503c16?ixlib=rb-4.0.3&ixid=MnwxMjA3fDB8MHxzZWFyY2h8MTk2fHxiYXNrZXRiYWxsJTIwd2VhcnxlbnwwfHwwfHw%3D&auto=format&fit=crop&w=500&q=60
174,9,1,나위키 엘리트 후드,남성 NBA 후드,https://images.unsplash.com/photo-1636100859420-bb158ea0fec7?ixlib=rb-4.0.3&ixid=MnwxMjA3fDB8MHxzZWFyY2h8MjEzfHxiYXNrZXRiYWxsJTIwd2VhcnxlbnwwfHwwfHw%3D&auto=format&fit=crop&w=500&q=60
175,9,2,나위키 25,나위키 삭스,https://images.unsplash.com/photo-1598818432520-f57c636e9301?ixlib=rb-4.0.3&ixid=MnwxMjA3fDB8MHxzZWFyY2h8NTR8fHNvY2tzfGVufDB8fDB8fA%3D%3D&auto=format&fit=crop&w=500&q=60
176,9,2,나위키 23,나위키 삭스,https://images.unsplash.com/photo-1631180543602-727e1197619d?ixlib=rb-4.0.3&ixid=MnwxMjA3fDB8MHxzZWFyY2h8MTJ8fHNvY2tzfGVufDB8fDB8fA%3D%3D&auto=format&fit=crop&w=500&q=60
177,9,2,팔콘 4,여성 나위키 드라이핏 NBA 저지,https://cdn.pixabay.com/photo/2016/06/27/20/03/basketball-1483181_960_720.jpg
178,9,2,로스엔젤레스 레이커스 에센셜,여성 나위키 드라이핏 NBA 저지,https://images.unsplash.com/photo-1646674133337-82115597ea0d?ixlib=rb-4.0.3&ixid=MnwxMjA3fDB8MHxzZWFyY2h8Mjg0fHxiYXNrZXRiYWxsJTIwd2VhcnxlbnwwfHwwfHw%3D&auto=format&fit=crop&w=500&q=60
179,9,2,나위키 엘리트,NBA 크루 삭스,https://images.unsplash.com/photo-1597922316499-ef22f35e0953?ixlib=rb-4.0.3&ixid=MnwxMjA3fDB8MHxzZWFyY2h8NTd8fHNvY2tzfGVufDB8fDB8fA%3D%3D&auto=format&fit=crop&w=500&q=60
180,10,,스푸딩 블랙,농구공,https://images.unsplash.com/photo-1579722279755-8824e38aeb31?ixlib=rb-4.0.3&ixid=MnwxMjA3fDB8MHxwaG90by1wYWdlfHx8fGVufDB8fHx8&auto=format&fit=crop&w=735&q=80
181,10,,슨윌 에볼루션,농구공,https://images.unsplash.com/photo-1584129450613-8fde3f4bd426?ixlib=rb-4.0.3&ixid=MnwxMjA3fDB8MHxwaG90by1wYWdlfHx8fGVufDB8fHx8&auto=format&fit=crop&w=880&q=80
182,10,,슨윌 NCAA3,농구공,https://images.unsplash.com/photo-1646504458774-dbad0e941c14?ixlib=rb-4.0.3&ixid=MnwxMjA3fDB8MHxwaG90by1wYWdlfHx8fGVufDB8fHx8&auto=format&fit=crop&w=1074&q=80
183,10,,나위키 ANEIR,가정용 농구골대,https://images.unsplash.com/photo-1503525523076-ca4aa2e47535?ixlib=rb-4.0.3&ixid=MnwxMjA3fDB8MHxwaG90by1wYWdlfHx8fGVufDB8fHx8&auto=format&fit=crop&w=721&q=80
184,10,,슨윌 WTB0513,농구공,https://images.unsplash.com/photo-1647438048193-41149b7793cd?ixlib=rb-4.0.3&ixid=MnwxMjA3fDB8MHxwaG90by1wYWdlfHx8fGVufDB8fHx8&auto=format&fit=crop&w=1170&q=80
185,10,,나위키 신발끈,신발끈,https://images.unsplash.com/photo-1577990780770-3676301d8760?ixlib=rb-4.0.3&ixid=MnwxMjA3fDB8MHxwaG90by1wYWdlfHx8fGVufDB8fHx8&auto=format&fit=crop&w=1170&q=80
186,10,,나위키 브라질리아 4,가방,https://images.unsplash.com/photo-1607629002688-d1b2df4d2746?ixlib=rb-4.0.3&ixid=MnwxMjA3fDB8MHxwaG90by1wYWdlfHx8fGVufDB8fHx8&auto=format&fit=crop&w=687&q=80
187,10,,나위키 브라질리아 9,가방,https://images.unsplash.com/photo-1437386629771-7ee51dcd4998?ixlib=rb-4.0.3&ixid=MnwxMjA3fDB8MHxwaG90by1wYWdlfHx8fGVufDB8fHx8&auto=format&fit=crop&w=1170&q=80
188,10,,나위키 스톰 ADV 파워,고글,https://images.unsplash.com/photo-1553452281-3a3331894969?ixlib=rb-4.0.3&ixid=MnwxMjA3fDB8MHxwaG90by1wYWdlfHx8fGVufDB8fHx8&auto=format&fit=crop&w=1170&q=80
189,10,,나위키 다이어 JED,고글,https://images.unsplash.com/photo-1593705366178-d611f3fa0c2f?ixlib=rb-4.0.3&ixid=MnwxMjA3fDB8MHxwaG90by1wYWdlfHx8fGVufDB8fHx8&auto=format&fit=crop&w=1074&q=80
190,10,,나위키 에센셜3,가방,https://images.unsplash.com/photo-1621426867697-43e9693282fc?ixlib=rb-4.0.3&ixid=MnwxMjA3fDB8MHxwaG90by1wYWdlfHx8fGVufDB8fHx8&auto=format&fit=crop&w=764&q=80
191,10,,나위키 엘리멘틀 프리미엄,가방,https://images.unsplash.com/photo-1544621179-4d27e51d753a?ixlib=rb-4.0.3&ixid=MnwxMjA3fDB8MHxwaG90by1wYWdlfHx8fGVufDB8fHx8&auto=format&fit=crop&w=687&q=80
192,10,,나위키 드라이 핏,모자,https://images.unsplash.com/photo-1474031317822-f51f48735ddd?ixlib=rb-4.0.3&ixid=MnwxMjA3fDB8MHxwaG90by1wYWdlfHx8fGVufDB8fHx8&auto=format&fit=crop&w=1170&q=80
193,10,,나위키 부니,모자,https://images.unsplash.com/photo-1511500118080-275313ec90a1?ixlib=rb-4.0.3&ixid=MnwxMjA3fDB8MHxwaG90by1wYWdlfHx8fGVufDB8fHx8&auto=format&fit=crop&w=687&q=80
194,10,,나위키 드라이 핏 VU,모자,https://images.unsplash.com/photo-1648483066215-e00f37a9e26f?ixlib=rb-4.0.3&ixid=MnwxMjA3fDB8MHxwaG90by1wYWdlfHx8fGVufDB8fHx8&auto=format&fit=crop&w=764&q=80
195,10,,나위키 헤리티지 39,모자,https://images.unsplash.com/photo-1620327467532-6ebaca6273ed?ixlib=rb-4.0.3&ixid=MnwxMjA3fDB8MHxzZWFyY2h8MzJ8fGNhcHxlbnwwfHwwfHw%3D&auto=format&fit=crop&w=500&q=60
196,10,,나위키 퓨추라 워시드,모자,https://images.unsplash.com/photo-1534215754734-18e55d13e346?ixlib=rb-4.0.3&ixid=MnwxMjA3fDB8MHxwaG90by1wYWdlfHx8fGVufDB8fHx8&auto=format&fit=crop&w=704&q=80
197,10,,나위키 점프맨,모자,https://images.unsplash.com/photo-1588850561407-ed78c282e89b?ixlib=rb-4.0.3&ixid=MnwxMjA3fDB8MHxwaG90by1wYWdlfHx8fGVufDB8fHx8&auto=format&fit=crop&w=736&q=80
198,10,,나위키 화이트,모자,https://images.unsplash.com/photo-1622445275576-721325763afe?ixlib=rb-4.0.3&ixid=MnwxMjA3fDB8MHxzZWFyY2h8MTR8fGhhdHxlbnwwfHwwfHw%3D&auto=format&fit=crop&w=500&q=60
199,10,,나위키 슈박스,가방,https://images.unsplash.com/photo-1621609764049-5ee1db3d7c35?ixlib=rb-4.0.3&ixid=MnwxMjA3fDB8MHxzZWFyY2h8Mnx8YmFncGFja3xlbnwwfHwwfHw%3D&auto=format&fit=crop&w=500&q=60